CustomerID,Age,Gender,City,Education,AnnualIncome_INR,Tenure_Months,Orders,AverageOrderValue_INR,TotalSpend_INR,Recency_Days,WebsiteVisits,AppUsage,DiscountUsage,SatisfactionScore
CUST0001,58,Male,Delhi,Graduate,50300,44,8,837,6696,14,10,18,6,2.9
CUST0002,48,Male,Hyderabad,Graduate,57500,60,13,1222,15886,40,10,16,7,4.5
CUST0003,34,Male,Chennai,Graduate,54700,45,14,1429,20006,35,10,15,10,3.8
CUST0004,27,Female,Jaipur,Graduate,89600,34,10,2516,25160,52,13,13,9,3.7
CUST0005,40,Female,Delhi,Postgraduate,67600,3,12,1986,23832,13,18,16,5,4.3
CUST0006,58,Female,Chennai,Graduate,71700,37,11,1966,21626,34,12,18,5,3.4
CUST0007,38,Female,Mumbai,Graduate,31400,43,12,2151,25812,12,16,19,6,5.0
CUST0008,42,Male,Pune,Graduate,18000,40,6,1429,8574,44,9,8,6,3.1
CUST0009,30,Male,Kolkata,Postgraduate,93100,26,13,2222,28886,29,14,18,8,4.2
CUST0010,30,Male,Delhi,Graduate,118600,55,21,2055,43155,8,10,24,10,4.8
CUST0011,43,Male,Nagpur,Graduate,56400,23,14,1921,26894,120,13,17,11,2.6
CUST0012,55,Female,Ahmedabad,Graduate,71200,44,13,1458,18954,11,14,16,8,3.4
CUST0013,59,Female,Delhi,Graduate,73100,39,8,400,3200,34,9,20,9,4.6
CUST0014,43,Male,Jaipur,Diploma,106900,15,10,1964,19640,82,9,15,7,4.6
CUST0015,22,Male,Jaipur,Graduate,87200,56,9,2858,25722,27,12,12,5,3.6
CUST0016,41,Male,Delhi,Postgraduate,77400,49,15,2476,37140,61,12,16,7,3.1
CUST0017,21,Male,Kolkata,Postgraduate,66400,4,10,2436,24360,9,13,15,7,4.5
CUST0018,43,Male,Chennai,High School,66500,29,16,2612,41792,24,17,19,8,4.6
CUST0019,49,Female,Mumbai,Graduate,29000,22,11,1642,18062,15,15,16,5,2.8
CUST0020,57,Female,Ahmedabad,Graduate,55400,25,12,1871,22452,27,9,12,6,2.7
CUST0021,21,Female,Mumbai,Graduate,87200,13,17,1532,26044,27,19,14,6,3.9
CUST0022,40,Male,Bengaluru,Graduate,59200,18,9,1560,14040,29,15,11,11,4.2
CUST0023,52,Male,Kolkata,Postgraduate,66100,33,18,2207,39726,49,13,14,7,3.5
CUST0024,31,Male,Jaipur,Graduate,35600,16,13,2406,31278,3,14,19,8,4.2
CUST0025,41,Female,Bengaluru,Graduate,76100,45,15,1776,26640,17,14,17,8,3.1
CUST0026,44,Female,Mumbai,Diploma,28500,42,8,1288,10304,33,10,15,6,2.0
CUST0027,46,Female,Mumbai,Postgraduate,72200,44,22,1844,40568,4,17,19,7,3.4
CUST0028,47,Male,Ahmedabad,Graduate,60300,2,16,2163,34608,43,14,23,10,3.8
CUST0029,35,Female,Hyderabad,Graduate,21400,55,11,600,6600,17,12,16,7,3.5
CUST0030,34,Male,Mumbai,Graduate,91700,35,14,468,6552,24,5,23,10,2.8
CUST0031,22,Female,Chennai,High School,60900,42,8,1418,11344,51,11,12,5,2.2
CUST0032,56,Male,Chennai,Diploma,111500,34,26,1286,33436,63,12,19,4,3.3
CUST0033,26,Male,Delhi,Diploma,102000,30,18,1692,30456,44,8,22,10,4.4
CUST0034,40,Female,Ahmedabad,High School,43000,59,15,1572,23580,11,11,19,9,4.7
CUST0035,28,Male,Ahmedabad,Postgraduate,45200,55,22,1387,30514,42,18,17,12,4.7
CUST0036,58,Male,Jaipur,Graduate,35700,13,9,2568,23112,44,7,17,8,3.0
CUST0037,37,Male,Mumbai,Graduate,25300,13,8,1774,14192,38,7,10,10,2.8
CUST0038,23,Male,Hyderabad,Postgraduate,54400,18,10,1932,19320,70,11,12,9,4.1
CUST0039,44,Male,Nagpur,Diploma,101100,32,15,2421,36315,30,10,17,9,4.2
CUST0040,33,Male,Bengaluru,Graduate,18000,32,13,778,10114,68,10,14,7,4.0
CUST0041,28,Male,Ahmedabad,Postgraduate,86300,35,8,2603,20824,68,12,13,6,2.1
CUST0042,45,Male,Delhi,High School,84200,59,14,1866,26124,45,10,12,10,3.0
CUST0043,21,Female,Delhi,Graduate,78900,39,13,2319,30147,35,12,20,7,3.7
CUST0044,39,Male,Mumbai,Diploma,83300,46,9,1213,10917,39,8,14,7,4.1
CUST0045,47,Male,Mumbai,Graduate,37400,52,9,624,5616,79,12,17,7,4.3
CUST0046,26,Female,Nagpur,Graduate,84000,29,3,2446,7338,56,10,15,7,3.8
CUST0047,27,Female,Pune,Graduate,51300,49,10,1962,19620,12,9,18,7,4.0
CUST0048,54,Female,Pune,Postgraduate,18000,29,3,932,2796,37,9,13,4,3.8
CUST0049,33,Male,Mumbai,Postgraduate,66400,53,13,1243,16159,14,9,16,10,4.2
CUST0050,36,Female,Kolkata,Graduate,43900,44,11,2405,26455,17,8,20,7,4.0
CUST0051,55,Female,Chennai,Diploma,99000,57,16,1231,19696,21,8,15,7,3.8
CUST0052,59,Female,Chennai,Postgraduate,57800,16,7,2825,19775,8,11,9,5,3.5
CUST0053,23,Female,Nagpur,Postgraduate,66100,56,10,1221,12210,13,13,16,2,3.8
CUST0054,21,Female,Nagpur,Graduate,74700,44,9,2273,20457,72,16,20,5,4.1
CUST0055,25,Female,Jaipur,Diploma,58300,47,22,1546,34012,17,19,14,8,3.9
CUST0056,23,Female,Hyderabad,Graduate,62400,57,14,2176,30464,49,15,16,4,4.0
CUST0057,48,Male,Delhi,Graduate,86100,10,17,1573,26741,32,12,15,10,4.8
CUST0058,37,Female,Chennai,Graduate,38300,30,19,1534,29146,41,14,20,5,3.9
CUST0059,45,Female,Kolkata,Graduate,47500,25,12,1722,20664,42,13,16,5,3.2
CUST0060,53,Male,Mumbai,Diploma,40800,39,17,1003,17051,13,13,25,5,4.4
CUST0061,29,Female,Ahmedabad,Graduate,100900,20,18,2497,44946,49,11,18,3,2.6
CUST0062,55,Male,Kolkata,Graduate,47500,5,9,1361,12249,10,12,14,9,2.8
CUST0063,33,Male,Jaipur,Diploma,61400,1,11,1630,17930,16,14,9,9,4.0
CUST0064,50,Female,Kolkata,Postgraduate,50000,30,7,1064,7448,42,11,12,8,4.1
CUST0065,34,Male,Ahmedabad,Diploma,57300,49,13,400,5200,12,14,16,5,2.7
CUST0066,27,Male,Bengaluru,Graduate,46600,3,17,1565,26605,4,11,11,6,3.4
CUST0067,33,Male,Pune,Postgraduate,76600,45,10,3438,34380,36,9,16,7,3.2
CUST0068,42,Male,Bengaluru,Graduate,39000,14,15,2154,32310,7,10,17,11,3.3
CUST0069,59,Male,Delhi,High School,31200,56,15,1585,23775,44,7,17,6,4.5
CUST0070,40,Male,Delhi,Postgraduate,51000,30,16,1545,24720,22,12,15,8,4.3
CUST0071,35,Male,Chennai,Postgraduate,45000,50,12,1695,20340,35,13,23,7,3.7
CUST0072,37,Female,Ahmedabad,Graduate,31600,4,10,1955,19550,35,13,9,6,3.3
CUST0073,43,Female,Delhi,Graduate,56900,18,11,984,10824,47,8,20,7,2.6
CUST0074,45,Male,Nagpur,Graduate,23500,37,11,2275,25025,43,14,13,4,4.8
CUST0075,44,Female,Chennai,Graduate,108200,25,13,2524,32812,12,12,15,9,4.2
CUST0076,60,Male,Jaipur,Graduate,27700,48,9,2043,18387,23,9,16,5,3.1
CUST0077,48,Male,Chennai,Postgraduate,48800,1,13,1988,25844,35,10,12,8,4.3
CUST0078,34,Male,Bengaluru,Graduate,54900,53,13,1752,22776,69,12,14,4,3.6
CUST0079,20,Female,Mumbai,Diploma,107100,46,15,2490,37350,43,17,15,11,3.5
CUST0080,44,Female,Nagpur,Graduate,21700,15,12,1925,23100,65,16,12,5,4.0
CUST0081,26,Male,Nagpur,Graduate,68600,9,11,1591,17501,37,10,18,10,3.1
CUST0082,28,Male,Hyderabad,Diploma,90900,15,17,1583,26911,57,11,18,9,3.4
CUST0083,43,Male,Nagpur,Postgraduate,57300,49,13,1820,23660,33,10,11,11,3.8
CUST0084,20,Male,Nagpur,Graduate,35800,57,20,2632,52640,55,17,20,7,3.3
CUST0085,27,Female,Bengaluru,Graduate,62300,24,8,978,7824,21,12,18,8,4.2
CUST0086,43,Male,Kolkata,Postgraduate,103200,4,14,1075,15050,74,12,18,6,5.0
CUST0087,30,Female,Nagpur,Graduate,49600,12,12,1815,21780,40,11,15,5,3.1
CUST0088,36,Male,Mumbai,Graduate,100900,59,14,2048,28672,8,11,16,7,2.4
CUST0089,27,Female,Pune,Postgraduate,71500,58,15,1952,29280,36,7,16,5,2.1
CUST0090,54,Female,Bengaluru,Graduate,95800,37,14,2143,30002,43,10,9,12,3.6
CUST0091,54,Male,Bengaluru,Graduate,70500,37,14,1688,23632,50,19,15,4,3.2
CUST0092,52,Female,Kolkata,High School,52900,43,11,2696,29656,90,9,17,7,3.9
CUST0093,24,Female,Hyderabad,Diploma,106000,60,12,1005,12060,19,9,8,8,3.8
CUST0094,58,Male,Kolkata,Graduate,70600,6,8,1295,10360,91,10,11,7,2.4
CUST0095,60,Male,Chennai,Postgraduate,69200,39,14,1758,24612,28,9,12,8,2.2
CUST0096,47,Female,Pune,Graduate,85200,56,13,853,11089,15,16,23,4,3.9
CUST0097,26,Male,Delhi,Diploma,88100,46,21,1824,38304,19,18,15,7,3.8
CUST0098,28,Male,Jaipur,Postgraduate,85300,24,15,3002,45030,41,8,15,6,3.4
CUST0099,27,Male,Delhi,Graduate,31200,11,20,1611,32220,14,17,18,10,2.4
CUST0100,31,Female,Hyderabad,Graduate,49100,13,9,1855,16695,22,16,18,8,4.1
CUST0101,53,Female,Hyderabad,Graduate,48600,34,13,882,11466,36,8,13,11,4.7
CUST0102,52,Female,Nagpur,Postgraduate,45500,25,10,1282,12820,73,13,15,3,3.9
CUST0103,42,Female,Kolkata,Postgraduate,43200,7,15,1425,21375,49,11,14,6,3.0
CUST0104,43,Male,Chennai,Graduate,48200,52,16,1493,23888,29,11,13,5,3.7
CUST0105,56,Female,Nagpur,Graduate,73400,4,14,2683,37562,41,11,18,2,2.6
CUST0106,54,Female,Ahmedabad,Graduate,77400,59,13,2237,29081,33,12,20,5,4.5
CUST0107,59,Male,Chennai,Graduate,65000,8,13,1078,14014,10,11,13,8,3.8
CUST0108,41,Male,Hyderabad,Graduate,54300,20,9,1896,17064,82,15,17,5,2.3
CUST0109,46,Male,Hyderabad,Postgraduate,96900,29,17,2315,39355,74,16,22,7,3.5
CUST0110,54,Female,Bengaluru,Postgraduate,62700,54,9,2527,22743,27,10,17,10,4.1
CUST0111,20,Female,Ahmedabad,High School,88400,53,13,2968,38584,20,17,15,8,3.4
CUST0112,54,Female,Nagpur,High School,50800,51,14,1055,14770,11,11,15,6,3.5
CUST0113,56,Female,Hyderabad,Postgraduate,75300,45,11,1335,14685,43,11,14,6,2.7
CUST0114,33,Male,Ahmedabad,Postgraduate,98600,46,11,1184,13024,43,5,16,7,4.2
CUST0115,22,Female,Pune,High School,18000,10,14,1366,19124,15,12,12,5,3.2
CUST0116,20,Female,Jaipur,Graduate,48600,43,9,2005,18045,34,14,10,8,2.0
CUST0117,24,Male,Kolkata,Graduate,79800,34,8,2531,20248,48,13,12,6,3.4
CUST0118,45,Female,Hyderabad,Graduate,95300,57,13,1932,25116,19,11,23,9,4.5
CUST0119,33,Male,Pune,Postgraduate,70100,26,6,1623,9738,24,12,13,8,3.4
CUST0120,58,Female,Chennai,Diploma,66200,41,9,1906,17154,24,14,15,8,5.0
CUST0121,46,Female,Kolkata,Graduate,105300,49,21,1499,31479,15,13,17,6,4.0
CUST0122,28,Female,Ahmedabad,Postgraduate,96800,58,16,3349,53584,25,11,16,5,4.0
CUST0123,34,Female,Kolkata,Postgraduate,43300,3,10,625,6250,7,6,18,9,3.6
CUST0124,34,Male,Delhi,Graduate,67900,56,13,1937,25181,23,11,17,7,3.6
CUST0125,45,Female,Bengaluru,Graduate,74000,6,12,3169,38028,23,13,14,5,3.5
CUST0126,32,Male,Ahmedabad,Graduate,108000,5,12,2062,24744,27,12,13,5,3.5
CUST0127,51,Female,Pune,Graduate,86700,5,8,1807,14456,39,10,14,5,4.1
CUST0128,58,Female,Hyderabad,Diploma,62400,54,7,1552,10864,10,10,21,9,3.0
CUST0129,51,Female,Ahmedabad,Diploma,70500,47,15,1716,25740,12,13,18,5,2.8
CUST0130,23,Male,Mumbai,Diploma,18000,23,18,2410,43380,15,14,19,7,2.8
CUST0131,49,Female,Delhi,Postgraduate,89200,49,11,507,5577,9,10,12,7,5.0
CUST0132,56,Female,Pune,Diploma,81100,9,12,2893,34716,42,9,14,7,4.1
CUST0133,42,Female,Chennai,Postgraduate,95300,35,16,1056,16896,18,14,9,9,3.9
CUST0134,58,Male,Mumbai,Postgraduate,61400,20,15,1605,24075,27,15,19,9,2.9
CUST0135,34,Male,Ahmedabad,Postgraduate,68200,58,9,1540,13860,14,14,14,7,4.2
CUST0136,48,Male,Bengaluru,Postgraduate,53000,49,12,2111,25332,21,13,15,3,3.6
CUST0137,55,Female,Mumbai,Graduate,36300,59,11,589,6479,35,10,14,7,3.9
CUST0138,32,Female,Kolkata,Postgraduate,49900,42,13,2010,26130,36,11,23,8,2.9
CUST0139,51,Female,Ahmedabad,Graduate,19500,35,18,2843,51174,12,13,18,7,3.8
CUST0140,26,Male,Pune,Postgraduate,87900,50,11,1051,11561,26,12,15,8,3.4
CUST0141,41,Male,Ahmedabad,Graduate,18000,18,15,1641,24615,14,9,15,5,3.1
CUST0142,47,Female,Bengaluru,Graduate,115800,17,10,1675,16750,26,12,15,8,4.3
CUST0143,21,Female,Jaipur,High School,20900,24,8,1812,14496,17,13,12,5,2.5
CUST0144,25,Female,Kolkata,Graduate,102500,3,17,2037,34629,85,16,16,8,4.2
CUST0145,47,Female,Hyderabad,Graduate,42300,32,18,1247,22446,48,6,17,6,4.2
CUST0146,47,Male,Ahmedabad,Graduate,79000,35,13,2201,28613,37,10,15,8,3.0
CUST0147,39,Female,Bengaluru,Diploma,46200,38,8,2860,22880,23,14,11,4,3.0
CUST0148,49,Female,Mumbai,Postgraduate,106800,13,15,1927,28905,49,17,17,6,3.5
CUST0149,30,Male,Mumbai,Postgraduate,66100,56,11,2274,25014,27,12,18,8,3.9
CUST0150,47,Male,Pune,Diploma,91800,47,25,1120,28000,79,16,22,5,3.6
CUST0151,44,Male,Kolkata,Graduate,66900,25,21,1190,24990,52,15,17,9,4.0
CUST0152,58,Male,Mumbai,Graduate,73800,9,10,2160,21600,21,11,13,8,5.0
CUST0153,52,Female,Hyderabad,Graduate,80400,4,11,2857,31427,74,9,12,7,3.3
CUST0154,20,Male,Jaipur,Postgraduate,51800,14,13,1952,25376,23,7,16,6,2.3
CUST0155,46,Male,Jaipur,Postgraduate,33000,37,13,1405,18265,88,14,13,7,4.4
CUST0156,32,Male,Pune,Graduate,32500,34,8,1605,12840,76,14,10,7,5.0
CUST0157,60,Female,Ahmedabad,Graduate,66300,11,15,995,14925,35,9,20,7,4.0
CUST0158,22,Male,Mumbai,Graduate,52800,41,8,2120,16960,7,8,16,8,2.8
CUST0159,58,Female,Bengaluru,Postgraduate,18000,56,10,2092,20920,33,11,19,7,3.6
CUST0160,25,Male,Chennai,Graduate,77800,3,14,1583,22162,11,11,12,5,2.8
CUST0161,27,Male,Jaipur,Graduate,34500,59,16,1311,20976,17,16,17,5,4.2
CUST0162,46,Male,Nagpur,Graduate,36000,28,10,1799,17990,18,8,18,2,2.6
CUST0163,28,Male,Pune,Postgraduate,64000,29,12,1510,18120,11,14,18,6,3.5
CUST0164,56,Male,Ahmedabad,Postgraduate,42500,9,11,1622,17842,33,15,13,8,2.9
CUST0165,52,Male,Delhi,Graduate,68100,3,11,3183,35013,16,14,19,9,3.8
CUST0166,43,Female,Pune,Postgraduate,114300,25,19,1935,36765,24,10,15,5,3.4
CUST0167,34,Female,Bengaluru,Postgraduate,55500,34,11,1510,16610,18,12,18,11,3.8
CUST0168,51,Male,Chennai,High School,38500,12,15,1220,18300,39,10,15,7,3.7
CUST0169,51,Male,Nagpur,Graduate,69500,42,12,2311,27732,37,12,16,10,2.9
CUST0170,43,Female,Jaipur,Postgraduate,45600,9,21,1566,32886,22,14,16,8,4.2
CUST0171,60,Female,Kolkata,Graduate,65600,15,7,1382,9674,40,8,10,8,3.7
CUST0172,31,Male,Nagpur,Graduate,72900,40,11,2706,29766,61,12,21,4,2.9
CUST0173,58,Female,Jaipur,Postgraduate,64100,25,7,2717,19019,3,8,19,5,5.0
CUST0174,21,Female,Delhi,Graduate,66400,5,8,1418,11344,18,12,15,2,4.1
CUST0175,22,Female,Delhi,Graduate,69800,11,15,616,9240,13,8,20,8,3.6
CUST0176,56,Male,Jaipur,Graduate,104900,59,15,2694,40410,16,12,13,6,4.8
CUST0177,36,Male,Kolkata,Graduate,58700,34,12,1317,15804,3,8,19,9,5.0
CUST0178,21,Male,Pune,Graduate,68200,24,15,2333,34995,3,10,16,6,3.6
CUST0179,21,Female,Kolkata,Graduate,86700,60,14,650,9100,19,9,14,9,4.0
CUST0180,47,Female,Mumbai,Postgraduate,76800,15,12,2451,29412,19,12,16,5,2.9
CUST0181,42,Male,Jaipur,Diploma,56000,38,13,959,12467,67,12,10,5,3.6
CUST0182,56,Female,Jaipur,Graduate,87500,8,8,2410,19280,31,10,14,6,3.5
CUST0183,51,Female,Kolkata,Postgraduate,43200,59,12,1678,20136,40,10,13,6,3.8
CUST0184,52,Female,Hyderabad,Diploma,59300,5,3,1146,3438,120,15,13,6,4.0
CUST0185,20,Female,Hyderabad,Graduate,45700,48,14,1420,19880,3,12,22,9,4.1
CUST0186,38,Female,Bengaluru,Graduate,79400,26,6,2333,13998,80,8,13,4,3.9
CUST0187,21,Male,Hyderabad,Diploma,94700,18,24,2047,49128,27,17,23,6,2.7
CUST0188,45,Female,Delhi,Postgraduate,70600,6,10,2213,22130,20,14,10,9,2.9
CUST0189,51,Female,Mumbai,Graduate,66900,37,10,3096,30960,18,13,16,4,3.3
CUST0190,25,Male,Jaipur,Graduate,43100,60,14,652,9128,35,15,19,10,3.5
CUST0191,51,Male,Nagpur,Postgraduate,47400,48,8,2746,21968,20,11,11,12,4.5
CUST0192,23,Female,Delhi,High School,35200,13,14,1689,23646,11,11,24,4,2.8
CUST0193,30,Male,Bengaluru,Graduate,18000,28,9,934,8406,18,9,16,6,3.4
CUST0194,36,Female,Chennai,High School,55200,5,10,876,8760,36,10,13,6,4.5
CUST0195,57,Male,Mumbai,Graduate,57500,13,13,1632,21216,45,8,17,9,3.5
CUST0196,43,Male,Hyderabad,Graduate,119300,17,13,2725,35425,86,15,18,7,4.1
CUST0197,24,Male,Ahmedabad,Graduate,104100,50,17,1952,33184,30,13,17,8,3.6
CUST0198,53,Male,Pune,Postgraduate,78900,40,13,2866,37258,64,15,16,8,3.9
CUST0199,25,Female,Nagpur,Graduate,117100,45,19,1169,22211,24,16,21,4,3.5
CUST0200,41,Female,Jaipur,Graduate,99800,32,17,2001,34017,27,12,16,9,4.2
CUST0201,30,Male,Chennai,Diploma,18000,29,7,704,4928,26,12,9,8,2.5
CUST0202,35,Male,Pune,High School,91700,51,22,2197,48334,33,19,24,7,3.4
CUST0203,52,Male,Kolkata,Graduate,82800,58,11,2483,27313,50,7,17,10,3.9
CUST0204,28,Male,Kolkata,Graduate,57800,3,11,1483,16313,20,13,13,8,4.1
CUST0205,25,Female,Mumbai,Diploma,29600,56,19,400,7600,13,13,13,5,4.9
CUST0206,35,Male,Mumbai,Postgraduate,79900,40,7,2019,14133,52,14,18,7,3.4
CUST0207,48,Male,Mumbai,Graduate,18000,34,17,1802,30634,50,11,18,7,4.9
CUST0208,22,Male,Delhi,High School,64500,40,10,2060,20600,70,11,8,4,3.2
CUST0209,39,Male,Delhi,Graduate,49600,27,18,2511,45198,17,9,22,11,4.8
CUST0210,55,Male,Kolkata,Postgraduate,33500,13,15,915,13725,24,14,11,5,4.4
CUST0211,38,Male,Mumbai,Graduate,94700,45,19,2420,45980,54,12,16,8,3.0
CUST0212,45,Female,Nagpur,Postgraduate,64000,33,8,2569,20552,19,10,18,7,3.9
CUST0213,22,Female,Bengaluru,Graduate,69300,6,4,670,2680,43,11,19,3,3.7
CUST0214,38,Female,Mumbai,Postgraduate,87700,24,16,2144,34304,24,12,19,10,4.2
CUST0215,39,Male,Jaipur,High School,64800,19,12,1471,17652,35,11,15,9,3.5
CUST0216,51,Male,Nagpur,Graduate,76300,16,15,1815,27225,10,11,23,7,3.5
CUST0217,26,Female,Jaipur,Postgraduate,85400,40,13,2148,27924,30,13,14,5,4.8
CUST0218,60,Female,Ahmedabad,Graduate,79200,28,10,1569,15690,61,7,12,5,3.6
CUST0219,52,Female,Kolkata,Diploma,72100,33,13,1403,18239,47,13,17,6,4.4
CUST0220,59,Male,Mumbai,High School,109600,59,12,2090,25080,13,12,9,6,3.5
CUST0221,58,Male,Hyderabad,Diploma,96000,59,11,1279,14069,81,8,17,7,5.0
CUST0222,37,Female,Pune,Postgraduate,62900,48,15,1082,16230,58,14,16,11,3.2
CUST0223,59,Female,Mumbai,High School,42300,41,13,2105,27365,11,13,9,7,3.2
CUST0224,20,Female,Bengaluru,Graduate,81000,13,13,1149,14937,18,16,12,10,4.9
CUST0225,30,Female,Ahmedabad,Graduate,70400,43,10,2266,22660,11,9,17,8,3.3
CUST0226,47,Female,Mumbai,Postgraduate,107700,45,16,2357,37712,36,14,19,7,5.0
CUST0227,44,Male,Pune,Graduate,89700,25,15,826,12390,18,11,19,9,4.4
CUST0228,42,Female,Pune,Diploma,84100,53,15,1474,22110,4,10,21,7,3.6
CUST0229,50,Female,Delhi,Postgraduate,65300,42,20,2578,51560,27,18,14,9,2.2
CUST0230,49,Female,Bengaluru,Graduate,43100,36,10,1031,10310,51,14,21,6,3.7
CUST0231,54,Male,Bengaluru,Graduate,60100,27,10,1469,14690,30,10,19,5,3.8
CUST0232,26,Male,Nagpur,Graduate,76900,38,11,2172,23892,41,11,11,9,4.6
CUST0233,35,Female,Hyderabad,Postgraduate,21800,60,17,2050,34850,32,9,15,7,5.0
CUST0234,45,Male,Bengaluru,Graduate,96000,7,15,1822,27330,46,14,12,10,3.2
CUST0235,21,Female,Ahmedabad,Graduate,116700,5,18,1722,30996,34,9,13,10,4.3
CUST0236,20,Male,Hyderabad,Postgraduate,18000,43,13,2443,31759,26,12,17,4,4.3
CUST0237,31,Male,Delhi,Diploma,30000,45,15,2720,40800,30,12,17,7,4.6
CUST0238,24,Female,Bengaluru,High School,70700,58,13,2470,32110,72,17,20,6,4.1
CUST0239,56,Male,Delhi,High School,50400,57,13,1768,22984,42,9,13,8,2.1
CUST0240,51,Male,Pune,Diploma,71500,51,13,1314,17082,13,12,14,9,3.6
CUST0241,28,Male,Mumbai,Graduate,63200,31,13,1249,16237,30,9,16,6,2.8
CUST0242,60,Female,Bengaluru,Diploma,39400,23,12,1986,23832,35,15,23,7,3.5
CUST0243,54,Male,Pune,Graduate,97200,42,9,2265,20385,25,12,13,8,4.5
CUST0244,38,Female,Mumbai,Postgraduate,76600,10,15,2781,41715,4,9,15,5,3.9
CUST0245,35,Male,Mumbai,Postgraduate,51000,32,15,2139,32085,14,12,17,9,4.6
CUST0246,22,Female,Pune,Diploma,102600,43,15,1049,15735,20,10,17,8,4.0
CUST0247,39,Male,Jaipur,Graduate,52300,53,10,2408,24080,87,11,14,11,2.7
CUST0248,43,Male,Hyderabad,Graduate,34000,30,6,965,5790,39,11,10,6,1.7
CUST0249,52,Male,Jaipur,Postgraduate,69600,39,13,1578,20514,7,11,18,4,3.8
CUST0250,43,Male,Kolkata,Graduate,73800,31,13,2015,26195,26,9,17,7,3.5
CUST0251,30,Female,Chennai,High School,78300,18,13,3177,41301,65,11,16,4,2.9
CUST0252,27,Male,Mumbai,Postgraduate,82400,36,7,3926,27482,18,9,14,11,2.3
CUST0253,55,Male,Nagpur,Postgraduate,77900,2,16,2272,36352,55,12,19,3,3.1
CUST0254,57,Female,Hyderabad,High School,76900,14,13,1752,22776,7,14,19,8,3.5
CUST0255,59,Male,Mumbai,Postgraduate,50700,13,8,2062,16496,1,9,22,7,4.2
CUST0256,39,Male,Ahmedabad,Graduate,48000,29,10,2275,22750,61,10,14,6,3.9
CUST0257,54,Female,Nagpur,Graduate,83600,12,9,1703,15327,20,12,15,4,5.0
CUST0258,44,Female,Kolkata,Postgraduate,71100,39,10,3003,30030,21,9,13,8,2.9
CUST0259,54,Male,Kolkata,Diploma,85500,2,9,2073,18657,32,11,13,7,4.4
CUST0260,44,Male,Ahmedabad,Diploma,22300,32,11,1867,20537,38,12,20,6,3.7
CUST0261,48,Female,Pune,High School,52500,13,7,2158,15106,2,7,12,10,4.3
CUST0262,37,Male,Hyderabad,Graduate,112700,46,18,2360,42480,17,12,17,6,3.4
CUST0263,37,Female,Delhi,Graduate,78800,27,11,2428,26708,29,11,15,7,4.6
CUST0264,21,Male,Hyderabad,Graduate,72400,49,15,1443,21645,38,14,16,7,3.9
CUST0265,54,Female,Nagpur,Diploma,82700,41,13,1543,20059,13,11,15,4,3.2
CUST0266,35,Male,Jaipur,Graduate,120200,17,19,1416,26904,24,17,14,10,3.7
CUST0267,60,Female,Delhi,Graduate,115000,40,24,2386,57264,18,12,20,6,3.5
CUST0268,55,Male,Kolkata,Postgraduate,25500,31,5,2069,10345,33,7,19,4,4.1
CUST0269,52,Female,Kolkata,Graduate,34700,34,9,1916,17244,59,11,15,6,2.8
CUST0270,23,Male,Pune,Postgraduate,24700,60,17,2647,44999,22,11,12,7,3.7
CUST0271,52,Male,Chennai,Graduate,46300,24,9,1684,15156,8,8,11,7,4.0
CUST0272,33,Female,Hyderabad,Graduate,66400,45,11,2243,24673,16,7,21,8,3.7
CUST0273,40,Female,Pune,Graduate,71100,35,5,1127,5635,81,11,16,4,4.8
CUST0274,39,Female,Nagpur,Diploma,26700,48,17,1319,22423,14,13,19,6,4.3
CUST0275,27,Male,Delhi,Graduate,18300,6,12,1972,23664,10,14,18,9,3.7
CUST0276,26,Female,Ahmedabad,Graduate,45900,19,10,2237,22370,21,13,20,4,3.9
CUST0277,22,Male,Mumbai,Graduate,87900,30,21,1746,36666,26,18,20,9,3.9
CUST0278,36,Female,Jaipur,Graduate,92300,7,23,1917,44091,18,16,25,4,4.0
CUST0279,52,Female,Nagpur,Diploma,107600,10,15,1069,16035,7,14,14,9,2.2
CUST0280,31,Male,Mumbai,Graduate,64200,41,9,1563,14067,35,13,18,6,3.5
CUST0281,41,Female,Hyderabad,High School,85700,32,8,2503,20024,33,11,11,8,2.5
CUST0282,41,Female,Ahmedabad,Graduate,90200,34,17,2325,39525,45,15,21,5,4.7
CUST0283,49,Male,Kolkata,Diploma,52600,28,7,2051,14357,32,9,19,4,3.7
CUST0284,57,Female,Pune,Diploma,74700,60,9,1891,17019,77,14,15,5,3.5
CUST0285,57,Male,Delhi,Postgraduate,81500,15,16,1904,30464,47,15,16,5,4.4
CUST0286,27,Female,Pune,Postgraduate,42300,30,12,1235,14820,41,8,16,6,4.0
CUST0287,46,Male,Delhi,Graduate,106100,37,20,2501,50020,61,14,15,7,2.8
CUST0288,46,Male,Chennai,Postgraduate,64000,29,12,2068,24816,31,11,17,7,3.6
CUST0289,53,Male,Chennai,Graduate,67200,22,11,2133,23463,24,11,11,9,3.4
CUST0290,40,Female,Pune,Graduate,41300,4,16,1316,21056,35,12,19,8,2.3
CUST0291,49,Female,Delhi,Diploma,45500,20,12,400,4800,4,10,16,8,3.1
CUST0292,52,Female,Delhi,Graduate,18000,32,14,2231,31234,31,10,17,6,3.6
CUST0293,47,Male,Mumbai,Diploma,66400,36,5,1497,7485,26,9,10,7,3.6
CUST0294,52,Male,Pune,Graduate,127600,50,19,1615,30685,38,13,19,6,2.5
CUST0295,24,Female,Bengaluru,Postgraduate,39500,4,8,2098,16784,55,15,16,9,4.6
CUST0296,38,Female,Hyderabad,High School,139400,27,12,1992,23904,42,13,18,5,3.6
CUST0297,23,Male,Kolkata,Postgraduate,100400,17,19,2701,51319,16,15,21,2,3.7
CUST0298,54,Male,Chennai,Postgraduate,53200,12,9,2130,19170,49,7,12,8,4.0
CUST0299,36,Male,Bengaluru,Postgraduate,65700,22,9,2249,20241,77,11,14,5,3.1
CUST0300,47,Male,Chennai,High School,61600,17,12,892,10704,56,8,20,10,4.1
CUST0301,49,Female,Ahmedabad,Graduate,107700,10,16,2844,45504,9,12,18,9,3.4
CUST0302,48,Female,Chennai,Postgraduate,77900,54,7,2047,14329,41,12,11,4,3.0
CUST0303,25,Female,Nagpur,Graduate,94500,1,20,1737,34740,10,12,20,4,4.2
CUST0304,54,Female,Chennai,Graduate,74000,22,9,1947,17523,23,10,12,7,4.9
CUST0305,60,Male,Mumbai,Graduate,62200,26,10,629,6290,37,7,13,8,4.3
CUST0306,56,Female,Bengaluru,Graduate,73200,56,13,2115,27495,33,11,13,6,4.4
CUST0307,43,Female,Ahmedabad,Postgraduate,54800,59,15,1070,16050,55,13,19,8,3.3
CUST0308,48,Male,Delhi,Diploma,28700,18,18,703,12654,77,15,12,7,2.4
CUST0309,50,Female,Delhi,Diploma,85300,50,8,932,7456,39,10,9,6,4.9
CUST0310,54,Male,Ahmedabad,Postgraduate,27500,14,15,2298,34470,21,13,22,3,5.0
CUST0311,52,Female,Jaipur,Graduate,58300,47,8,1351,10808,4,9,8,8,4.9
CUST0312,40,Male,Pune,Graduate,54000,29,14,2731,38234,65,15,16,5,3.4
CUST0313,51,Female,Jaipur,Graduate,81100,12,11,1548,17028,26,9,16,9,2.8
CUST0314,42,Male,Bengaluru,Postgraduate,104100,36,19,925,17575,27,14,19,7,2.8
CUST0315,52,Male,Chennai,Graduate,95100,59,17,1255,21335,29,13,8,7,2.4
CUST0316,22,Female,Delhi,Postgraduate,81800,35,17,2704,45968,38,15,12,9,3.6
CUST0317,37,Female,Mumbai,High School,49300,52,8,1604,12832,39,15,15,9,5.0
CUST0318,44,Male,Jaipur,Postgraduate,60400,12,13,1416,18408,23,9,22,6,3.6
CUST0319,50,Male,Chennai,Diploma,56800,7,6,1855,11130,26,8,15,5,3.9
CUST0320,22,Male,Kolkata,Postgraduate,53200,29,16,2055,32880,17,11,20,9,4.8
CUST0321,59,Female,Pune,Graduate,54900,11,14,2466,34524,16,11,20,7,3.4
CUST0322,43,Female,Ahmedabad,Graduate,54300,33,12,2677,32124,16,12,21,5,5.0
CUST0323,51,Female,Chennai,Diploma,53200,6,12,1495,17940,26,14,14,10,5.0
CUST0324,41,Male,Pune,Postgraduate,88800,47,12,1081,12972,13,16,19,5,3.6
CUST0325,42,Female,Pune,Postgraduate,38600,15,10,1373,13730,1,6,12,3,3.2
CUST0326,21,Male,Delhi,Graduate,46800,32,7,1860,13020,21,9,19,3,4.3
CUST0327,46,Male,Delhi,Postgraduate,25400,51,8,936,7488,10,10,14,8,3.4
CUST0328,21,Female,Bengaluru,Graduate,100400,11,15,1390,20850,30,13,17,8,2.8
CUST0329,45,Female,Kolkata,Graduate,45100,58,14,1904,26656,17,14,22,6,4.7
CUST0330,36,Female,Ahmedabad,Graduate,81500,23,10,1867,18670,38,10,14,6,4.7
CUST0331,59,Female,Pune,Graduate,76900,26,13,1893,24609,10,16,16,6,3.8
CUST0332,52,Female,Bengaluru,Graduate,98000,34,18,1505,27090,5,10,18,8,2.7
CUST0333,28,Female,Nagpur,Graduate,59700,46,14,1618,22652,26,13,16,4,2.7
CUST0334,58,Male,Jaipur,Postgraduate,41300,34,9,1057,9513,20,11,11,10,3.8
CUST0335,48,Male,Hyderabad,Postgraduate,26100,29,10,2145,21450,9,10,18,5,3.3
CUST0336,45,Female,Pune,Postgraduate,18000,4,14,2191,30674,47,13,17,14,3.4
CUST0337,54,Female,Bengaluru,Graduate,69000,17,10,624,6240,12,11,17,5,4.5
CUST0338,44,Male,Kolkata,High School,84400,35,15,1312,19680,15,13,16,9,4.3
CUST0339,43,Male,Delhi,Graduate,76800,13,14,898,12572,53,10,17,5,4.8
CUST0340,32,Male,Pune,Graduate,26800,41,7,1148,8036,40,7,10,4,2.9
CUST0341,26,Male,Pune,Postgraduate,91000,39,16,1902,30432,11,10,18,9,3.4
CUST0342,55,Female,Chennai,Graduate,47500,15,12,753,9036,22,8,18,9,4.3
CUST0343,39,Male,Kolkata,Postgraduate,42300,55,24,1065,25560,10,13,16,6,4.1
CUST0344,20,Female,Ahmedabad,Postgraduate,47000,29,11,1039,11429,51,7,15,8,4.9
CUST0345,27,Male,Delhi,High School,67000,29,10,1947,19470,51,15,13,7,4.0
CUST0346,35,Female,Pune,Diploma,27900,11,10,1622,16220,85,12,11,9,5.0
CUST0347,33,Male,Jaipur,High School,64100,52,14,1325,18550,106,11,19,6,4.1
CUST0348,31,Female,Delhi,Graduate,75700,32,16,1979,31664,17,13,12,7,4.5
CUST0349,42,Female,Jaipur,Diploma,92700,2,21,1611,33831,45,7,24,7,3.4
CUST0350,34,Female,Hyderabad,Graduate,69400,47,14,1650,23100,4,9,17,6,3.7
CUST0351,47,Male,Ahmedabad,Postgraduate,31500,14,6,2687,16122,32,10,14,10,4.4
CUST0352,53,Male,Hyderabad,Postgraduate,68700,20,10,2693,26930,38,9,17,5,5.0
CUST0353,21,Male,Pune,Graduate,38500,22,10,796,7960,13,13,24,5,4.3
CUST0354,51,Male,Chennai,Postgraduate,37100,11,15,2172,32580,16,11,19,7,3.6
CUST0355,42,Female,Ahmedabad,Graduate,30900,27,14,2123,29722,51,8,12,8,4.8
CUST0356,41,Female,Chennai,Graduate,18000,3,17,772,13124,38,11,17,5,1.9
CUST0357,44,Female,Bengaluru,High School,50800,17,6,2247,13482,78,12,18,6,2.6
CUST0358,41,Female,Nagpur,Graduate,93200,44,19,2969,56411,72,13,21,10,4.2
CUST0359,41,Male,Kolkata,Graduate,121400,56,20,1409,28180,6,13,21,6,3.7
CUST0360,25,Male,Bengaluru,Graduate,50700,28,13,1118,14534,19,11,20,8,4.2
CUST0361,34,Male,Hyderabad,Diploma,92200,29,21,2625,55125,12,9,19,8,3.8
CUST0362,56,Female,Jaipur,Graduate,55100,21,12,1917,23004,47,16,16,7,4.2
CUST0363,52,Female,Hyderabad,Graduate,23700,47,10,1911,19110,34,14,11,10,3.0
CUST0364,27,Male,Ahmedabad,Diploma,82500,16,15,2126,31890,12,10,19,8,4.2
CUST0365,24,Male,Ahmedabad,Graduate,70900,37,17,2089,35513,14,14,24,7,4.5
CUST0366,58,Female,Hyderabad,Graduate,110500,59,17,1211,20587,62,18,18,7,4.7
CUST0367,23,Female,Pune,Diploma,26600,20,13,2250,29250,20,10,21,8,5.0
CUST0368,25,Female,Hyderabad,Postgraduate,134900,6,13,2980,38740,4,11,18,7,3.9
CUST0369,51,Male,Ahmedabad,Diploma,104800,19,11,1890,20790,11,7,19,10,3.9
CUST0370,49,Male,Ahmedabad,Graduate,64600,57,12,1769,21228,88,14,16,6,2.5
CUST0371,54,Female,Delhi,High School,57500,5,20,760,15200,54,12,16,6,3.3
CUST0372,59,Female,Mumbai,High School,47100,3,15,2027,30405,9,13,16,5,3.5
CUST0373,35,Male,Chennai,Graduate,67700,59,13,2188,28444,32,16,29,3,4.5
CUST0374,32,Female,Bengaluru,Graduate,60400,1,9,1732,15588,52,11,21,3,3.2
CUST0375,49,Female,Hyderabad,High School,77800,58,12,2608,31296,6,14,17,9,4.3
CUST0376,38,Male,Delhi,Graduate,57600,60,8,1538,12304,56,8,12,8,3.7
CUST0377,36,Male,Pune,Postgraduate,100400,38,16,2379,38064,38,14,16,8,3.6
CUST0378,38,Male,Ahmedabad,Postgraduate,68100,15,13,1156,15028,16,11,22,8,3.9
CUST0379,47,Male,Hyderabad,Diploma,58600,34,9,1746,15714,42,12,10,9,3.4
CUST0380,45,Female,Ahmedabad,Diploma,90600,35,13,1840,23920,35,12,15,7,3.4
CUST0381,56,Male,Jaipur,Graduate,24400,49,7,1703,11921,36,12,15,9,2.3
CUST0382,45,Female,Delhi,Graduate,73500,25,15,1611,24165,31,5,17,6,3.5
CUST0383,42,Female,Hyderabad,Diploma,65600,24,12,1718,20616,14,11,14,10,3.3
CUST0384,28,Male,Jaipur,Diploma,29700,12,18,2125,38250,16,12,23,8,3.3
CUST0385,31,Male,Nagpur,Postgraduate,22300,18,6,1260,7560,23,8,11,6,4.0
CUST0386,20,Female,Delhi,High School,90300,15,11,908,9988,29,6,20,7,4.2
CUST0387,20,Female,Hyderabad,Postgraduate,89100,44,12,3082,36984,44,12,22,7,3.9
CUST0388,53,Female,Hyderabad,Graduate,69300,16,12,2724,32688,90,13,24,5,4.5
CUST0389,51,Male,Kolkata,Diploma,107900,27,13,1217,15821,33,11,18,7,4.2
CUST0390,44,Male,Delhi,Graduate,76000,8,11,2314,25454,43,11,15,6,3.5
CUST0391,59,Female,Delhi,Graduate,96200,60,21,1660,34860,50,15,21,4,3.3
CUST0392,20,Female,Ahmedabad,Graduate,75500,46,13,2034,26442,46,10,16,11,4.0
CUST0393,35,Male,Hyderabad,Diploma,58100,25,16,1950,31200,13,11,25,8,4.2
CUST0394,58,Female,Chennai,High School,38600,17,13,1489,19357,66,11,12,9,4.8
CUST0395,24,Male,Chennai,Graduate,49900,29,9,1200,10800,59,11,14,8,4.7
CUST0396,41,Female,Chennai,Graduate,58600,53,13,1313,17069,31,10,16,6,3.3
CUST0397,48,Female,Nagpur,Postgraduate,99100,8,11,1409,15499,14,9,17,7,3.6
CUST0398,22,Male,Hyderabad,Diploma,84200,15,11,1375,15125,29,11,11,8,4.2
CUST0399,31,Female,Hyderabad,Postgraduate,73300,27,7,1806,12642,7,18,11,11,4.6
CUST0400,45,Male,Jaipur,Postgraduate,86800,46,15,1466,21990,71,11,15,6,4.5
CUST0401,35,Male,Kolkata,Postgraduate,78200,50,6,2323,13938,17,8,9,9,3.6
CUST0402,56,Male,Delhi,Graduate,71500,52,19,2806,53314,23,13,14,10,2.7
CUST0403,41,Male,Ahmedabad,Graduate,27500,7,14,1198,16772,68,11,21,8,2.9
CUST0404,48,Male,Kolkata,Graduate,93500,3,17,2127,36159,63,14,17,10,3.9
CUST0405,33,Female,Jaipur,Diploma,53500,29,13,2056,26728,36,18,17,6,4.0
CUST0406,47,Female,Hyderabad,Graduate,92200,44,18,2270,40860,78,8,13,11,2.8
CUST0407,24,Male,Bengaluru,Postgraduate,94600,53,21,2027,42567,13,13,18,8,3.7
CUST0408,49,Female,Delhi,Graduate,48200,24,12,2182,26184,36,7,19,3,4.2
CUST0409,24,Female,Nagpur,Graduate,88700,60,10,2256,22560,13,9,10,10,2.8
CUST0410,31,Female,Chennai,Graduate,56000,58,13,942,12246,57,11,20,7,4.6
CUST0411,35,Female,Nagpur,Graduate,56100,3,7,2312,16184,56,10,15,7,3.4
CUST0412,45,Male,Hyderabad,Graduate,71400,20,10,2415,24150,82,16,15,7,4.7
CUST0413,45,Male,Jaipur,Diploma,72100,46,14,1346,18844,28,8,12,5,3.3
CUST0414,40,Female,Bengaluru,Graduate,66000,15,14,1831,25634,96,10,19,7,2.9
CUST0415,58,Male,Pune,Postgraduate,31600,25,10,2044,20440,12,12,20,9,3.3
CUST0416,55,Male,Chennai,Graduate,62000,30,11,1646,18106,27,12,20,3,3.6
CUST0417,52,Male,Ahmedabad,Postgraduate,122000,14,22,2839,62458,12,8,20,6,3.4
CUST0418,49,Male,Hyderabad,Postgraduate,18000,7,10,3055,30550,32,15,15,2,3.5
CUST0419,56,Male,Mumbai,High School,86700,17,11,1419,15609,13,8,15,6,4.0
CUST0420,42,Male,Bengaluru,Graduate,91400,44,18,1061,19098,57,12,14,8,3.6
CUST0421,29,Male,Bengaluru,Graduate,31000,20,11,1793,19723,39,16,11,9,3.6
CUST0422,24,Female,Delhi,High School,53300,36,11,2199,24189,11,14,26,10,2.3
CUST0423,55,Female,Nagpur,Graduate,40000,9,17,1500,25500,49,14,14,8,4.0
CUST0424,53,Male,Chennai,Diploma,111300,38,12,3022,36264,75,10,17,6,3.6
CUST0425,50,Male,Hyderabad,Graduate,92600,48,17,1096,18632,41,14,14,10,5.0
CUST0426,29,Male,Mumbai,Postgraduate,93800,57,14,2423,33922,8,15,18,9,2.9
CUST0427,38,Male,Chennai,Graduate,68000,60,11,1424,15664,25,12,14,7,2.3
CUST0428,51,Male,Jaipur,High School,97800,22,18,3114,56052,45,11,14,8,4.2
CUST0429,20,Male,Mumbai,Postgraduate,64800,54,10,3094,30940,23,9,16,10,4.0
CUST0430,24,Female,Kolkata,Graduate,99000,53,18,1506,27108,12,16,16,8,2.9
CUST0431,23,Female,Kolkata,Graduate,61300,53,12,1421,17052,62,12,11,6,2.5
CUST0432,35,Male,Bengaluru,Graduate,48000,2,11,2257,24827,23,10,11,8,4.9
CUST0433,43,Male,Jaipur,Postgraduate,110300,24,12,1820,21840,75,10,17,3,4.8
CUST0434,35,Female,Kolkata,Graduate,64500,8,15,1767,26505,19,8,22,6,1.7
CUST0435,21,Female,Bengaluru,Graduate,42500,11,10,1682,16820,22,9,13,6,3.3
CUST0436,47,Female,Nagpur,Postgraduate,42300,13,10,416,4160,18,7,14,5,5.0
CUST0437,51,Female,Hyderabad,Graduate,42300,17,13,1655,21515,25,16,18,3,3.3
CUST0438,46,Male,Bengaluru,Graduate,86100,8,21,1478,31038,38,19,16,5,3.3
CUST0439,39,Male,Hyderabad,Graduate,62500,21,11,1464,16104,12,11,14,8,3.5
CUST0440,43,Female,Jaipur,Postgraduate,122400,18,16,3083,49328,10,12,21,9,2.8
CUST0441,31,Male,Delhi,High School,94700,30,16,1161,18576,6,9,14,12,2.3
CUST0442,54,Female,Chennai,Graduate,71400,18,11,2367,26037,5,9,15,6,4.5
CUST0443,52,Female,Bengaluru,Diploma,100100,46,13,1829,23777,8,10,12,7,2.2
CUST0444,52,Female,Bengaluru,Graduate,52600,47,5,1544,7720,19,9,12,10,3.9
CUST0445,56,Male,Hyderabad,Graduate,18600,31,13,2035,26455,32,13,19,5,4.4
CUST0446,31,Female,Kolkata,Postgraduate,40300,38,13,1873,24349,37,10,17,8,2.5
CUST0447,22,Male,Kolkata,Graduate,68700,32,11,2193,24123,31,10,18,8,3.0
CUST0448,20,Male,Bengaluru,Postgraduate,59400,11,12,2396,28752,70,11,18,4,4.7
CUST0449,52,Male,Kolkata,Diploma,85600,45,13,1708,22204,84,14,14,9,4.1
CUST0450,59,Female,Kolkata,High School,61900,25,13,1383,17979,23,11,16,9,3.2
CUST0451,29,Female,Bengaluru,Graduate,83700,33,11,1207,13277,13,10,12,3,4.7
CUST0452,48,Male,Nagpur,Graduate,102500,60,16,1488,23808,100,12,20,4,4.7
CUST0453,32,Male,Nagpur,High School,61800,38,12,3698,44376,60,9,17,4,3.9
CUST0454,31,Female,Pune,Graduate,78900,41,19,2692,51148,57,11,15,6,3.0
CUST0455,50,Female,Nagpur,Postgraduate,21100,8,12,658,7896,18,11,13,7,3.4
CUST0456,21,Female,Pune,Graduate,61900,11,13,922,11986,50,10,17,7,3.9
CUST0457,54,Male,Jaipur,Graduate,34200,22,10,1928,19280,31,9,15,6,3.5
CUST0458,42,Male,Ahmedabad,Graduate,68600,51,15,2177,32655,27,9,15,10,4.5
CUST0459,36,Female,Chennai,Diploma,70900,24,12,2192,26304,26,19,7,6,2.5
CUST0460,45,Male,Ahmedabad,Diploma,70800,41,13,1669,21697,40,10,19,4,2.5
CUST0461,27,Female,Kolkata,Graduate,53000,17,8,1646,13168,71,11,17,6,3.8
CUST0462,48,Female,Mumbai,Diploma,122500,12,20,2358,47160,105,14,17,7,3.3
CUST0463,45,Male,Kolkata,Graduate,33300,57,11,1666,18326,21,12,17,6,3.2
CUST0464,29,Male,Bengaluru,Graduate,31800,46,14,400,5600,32,13,11,6,2.3
CUST0465,45,Female,Bengaluru,Diploma,106400,32,18,1899,34182,26,12,16,5,3.7
CUST0466,53,Male,Chennai,Postgraduate,47400,15,10,1141,11410,38,13,17,9,3.7
CUST0467,60,Male,Delhi,Graduate,41400,16,15,1772,26580,24,14,18,13,4.2
CUST0468,26,Female,Delhi,Graduate,122600,54,14,4086,57204,16,16,16,6,3.8
CUST0469,23,Male,Delhi,High School,89600,22,15,2186,32790,21,7,22,6,3.6
CUST0470,30,Female,Nagpur,Diploma,50100,28,14,1507,21098,18,10,15,8,4.6
CUST0471,48,Male,Jaipur,Diploma,70400,20,16,2432,38912,25,16,18,8,2.7
CUST0472,55,Female,Kolkata,Graduate,113600,33,10,2405,24050,9,10,20,6,4.1
CUST0473,44,Male,Bengaluru,Diploma,82300,10,6,2177,13062,18,12,22,10,2.4
CUST0474,40,Male,Mumbai,Graduate,97200,40,15,2388,35820,38,13,18,7,3.0
CUST0475,55,Female,Mumbai,High School,85100,32,10,3257,32570,37,14,13,7,2.7
CUST0476,29,Female,Mumbai,Graduate,88300,50,12,1205,14460,34,12,17,8,4.3
CUST0477,56,Male,Delhi,Graduate,66000,60,6,2114,12684,67,13,9,11,3.6
CUST0478,28,Male,Chennai,Graduate,65300,33,15,1200,18000,39,13,22,9,3.7
CUST0479,43,Female,Delhi,Diploma,71700,2,4,2201,8804,66,20,11,3,2.8
CUST0480,54,Male,Bengaluru,Diploma,83400,33,11,1313,14443,105,13,14,6,3.5
CUST0481,54,Female,Kolkata,Graduate,57900,33,9,1486,13374,50,9,16,7,3.1
CUST0482,55,Female,Kolkata,Postgraduate,68100,41,11,1627,17897,9,16,18,6,4.0
CUST0483,37,Female,Chennai,Diploma,57200,13,10,2387,23870,34,6,10,8,2.9
CUST0484,58,Male,Jaipur,Graduate,67900,30,9,2414,21726,31,7,9,9,4.8
CUST0485,51,Male,Nagpur,Diploma,33700,33,10,802,8020,75,7,19,8,2.4
CUST0486,43,Female,Mumbai,High School,130100,13,16,2226,35616,26,17,23,12,3.1
CUST0487,42,Male,Kolkata,Graduate,46700,52,13,1229,15977,15,14,17,6,5.0
CUST0488,51,Male,Chennai,Graduate,56000,26,6,928,5568,19,7,12,9,3.4
CUST0489,56,Male,Mumbai,Graduate,44500,22,9,1536,13824,9,16,15,9,2.6
CUST0490,31,Male,Delhi,Graduate,80400,39,12,1692,20304,1,9,16,6,3.9
CUST0491,32,Male,Hyderabad,Graduate,60100,2,8,3348,26784,95,10,17,8,3.3
CUST0492,42,Male,Ahmedabad,Postgraduate,40900,38,9,1937,17433,28,9,18,4,3.0
CUST0493,44,Female,Kolkata,Postgraduate,81400,39,10,1003,10030,10,10,14,9,2.8
CUST0494,54,Male,Jaipur,Graduate,84800,26,13,1552,20176,79,12,20,7,5.0
CUST0495,60,Male,Chennai,Postgraduate,63300,46,15,2454,36810,88,13,17,6,3.5
CUST0496,49,Male,Nagpur,Postgraduate,48400,58,4,3058,12232,32,16,7,8,2.2
CUST0497,36,Female,Jaipur,High School,119800,50,18,1098,19764,9,13,14,8,4.9
CUST0498,39,Male,Delhi,Graduate,73500,15,16,629,10064,20,16,16,5,4.2
CUST0499,44,Female,Kolkata,Postgraduate,33100,34,9,2825,25425,24,17,15,3,3.1
CUST0500,41,Female,Bengaluru,High School,100400,42,14,2266,31724,29,15,12,7,3.0
